keyword,domains_count,domains,best_position,max_volume,min_kd,intents,source_types,top_urls
cours luxembourgeois,9,inlingua.lu | inll.lu | lifelong-learning.lu | luxlanguages.lu | luxlessons.lu | moienasbl.lu | prolingua.lu | sproochentest.etic.lu | unipop.lu,1,260,26,C,organic-position,https://www.inlingua.lu/adultes/adultes-cours-en-groupe | https://www.inll.lu/fr/langues/luxembourgeois/ | https://www.lifelong-learning.lu/recherche/formations/langues/luxembourgeois/fr | https://www.luxlanguages.lu/ | https://www.luxlanguages.lu/formations/
cours de luxembourgeois,7,educateme.lu | inll.lu | lifelong-learning.lu | luxlanguages.lu | luxlessons.lu | moienasbl.lu | prolingua.lu,2,720,21,I,organic-position,https://educateme.lu/tpost/ukdm5mo7s1-apprendre-le-luxembourgeois-sans-se-ruin | https://www.inll.lu/fr/cours-de-langue/ | https://www.lifelong-learning.lu/recherche/formations/langues/luxembourgeois/fr | https://www.luxlanguages.lu/ | https://www.luxlessons.lu/
french courses luxembourg,6,educateme.lu | inlingua.lu | institut-francais-luxembourg.lu | lifelong-learning.lu | luxlanguages.lu | prolingua.lu,2,390,14,C,organic-position,https://educateme.lu/ | https://educateme.lu/french-courses-online | https://www.inlingua.lu/en | https://www.inlingua.lu/en/adultes/adultes-cours-en-groupe | https://www.inlingua.lu/
language courses luxembourg,6,educateme.lu | inlingua.lu | inll.lu | luxlessons.lu | moienasbl.lu | prolingua.lu,1,320,21,C,organic-position,https://educateme.lu/learning-luxembourgish-short | https://www.inlingua.lu/en | https://www.inll.lu/en/institut-en/ | https://www.luxlessons.lu/ | https://moienasbl.lu/en/services/
cours de langue luxembourg,6,inlingua.lu | inll.lu | luxlanguages.lu | moienasbl.lu | prolingua.lu | unipop.lu,1,140,41,I,organic-position,https://www.inlingua.lu/ | https://www.inlingua.lu/adultes/adultes-cours-en-groupe | https://www.inll.lu/ | https://www.luxlanguages.lu/ | https://moienasbl.lu/services/cours-de-luxembourgeois/
courses in luxembourg,6,educateme.lu | inlingua.lu | luxlanguages.lu | moienasbl.lu | prolingua.lu | unipop.lu,19,110,22,C,organic-position,https://educateme.lu/ | https://www.inlingua.lu/en/adultes/adultes-cours-en-groupe | https://www.luxlanguages.lu/ | https://moienasbl.lu/en/services/ | https://moienasbl.lu/en/services/cours-de-luxembourgeois/
cours intensifs luxembourgeois,6,inlingua.lu | institut-francais-luxembourg.lu | luxlanguages.lu | moienasbl.lu | prolingua.lu | unipop.lu,3,70,15,C,organic-position,https://www.inlingua.lu/adultes/adultes-cours-en-groupe | https://www.inlingua.lu/ | https://institut-francais-luxembourg.lu/cours-collectifs-adultes-cours-intensifs/ | https://institut-francais-luxembourg.lu/cours-collectifs-adultes/ | https://www.luxlanguages.lu/
french lessons luxembourg,6,educateme.lu | inlingua.lu | institut-francais-luxembourg.lu | luxlanguages.lu | prolingua.lu | unipop.lu,6,30,11,C,organic-position,https://educateme.lu/french-courses-online | https://www.inlingua.lu/en/adultes/adultes-cours-en-groupe | https://www.inlingua.lu/en | https://institut-francais-luxembourg.lu/ | https://www.luxlanguages.lu/
cours de français luxembourg,5,inlingua.lu | institut-francais-luxembourg.lu | luxlanguages.lu | prolingua.lu | unipop.lu,5,140,16,C,organic-position,https://www.inlingua.lu/ | https://www.inlingua.lu/adultes/adultes-cours-individuels | https://institut-francais-luxembourg.lu/ | https://institut-francais-luxembourg.lu/cours-collectifs-adultes/ | https://institut-francais-luxembourg.lu/cours-collectifs-adultes-cours-du-samedi-matin/
cours intensif anglais luxembourg,5,inlingua.lu | lifelong-learning.lu | luxlanguages.lu | moienasbl.lu | prolingua.lu,1,40,16,C,organic-position,https://www.inlingua.lu/ | https://www.inlingua.lu/adultes/adultes-cours-en-groupe | https://www.inlingua.lu/en/adultes/adultes-cours-en-groupe | https://www.inlingua.lu/adultes | https://www.lifelong-learning.lu/recherche/formations/langues/anglais/fr
apprendre luxembourgeois en ligne,5,inlingua.lu | luxlanguages.lu | luxlessons.lu | moienasbl.lu | prolingua.lu,31,30,3,"I,T",organic-position,https://www.inlingua.lu/ | https://www.luxlanguages.lu/ | https://www.luxlanguages.lu/produit/e-learning-a1-luxembourgeois/ | https://www.luxlessons.lu/ | https://moienasbl.lu/services/
cours luxembourgeois luxembourg,5,inlingua.lu | luxlanguages.lu | moienasbl.lu | prolingua.lu | sproochentest.etic.lu,4,30,31,I,organic-position,https://www.inlingua.lu/ | https://www.luxlanguages.lu/ | https://www.luxlanguages.lu/formations/ | https://moienasbl.lu/services/cours-de-luxembourgeois/ | https://moienasbl.lu/services/
language courses,5,educateme.lu | inlingua.lu | luxlanguages.lu | moienasbl.lu | prolingua.lu,5,30,15,C,organic-position,https://educateme.lu/ | https://www.inlingua.lu/en | https://www.inlingua.lu/en/cours-enfants | https://www.inlingua.lu/en/adultes | https://www.luxlanguages.lu/
sproochentest,4,educateme.lu | inll.lu | luxlanguages.lu | luxlessons.lu,0,880,14,I,organic-position | top-organic-keyword,educateme.lu/tpost/7x4vcrtf51-surviving-the-sproochentest-essential-gu | https://educateme.lu/tpost/7x4vcrtf51-surviving-the-sproochentest-essential-gu | https://educateme.lu/tpost/7skm5rc9f1-booking-your-appointment-for-the-sprooch | https://educateme.lu/sproochentest | https://educateme.lu/tpost/fduufuslm1-survivre-au-sproochentest-un-guide-pour
formation lu,4,houseoftraining.lu | infpc.lu | lifelong-learning.lu | unipop.lu,1,720,31,I,organic-position,https://www.houseoftraining.lu/ | https://www.infpc.lu/trouver-une-formation/fr | https://www.lifelong-learning.lu/accueil/fr | https://www.unipop.lu/formation-professionnelle/
formation luxembourg,4,houseoftraining.lu | infpc.lu | lifelong-learning.lu | unipop.lu,0,720,38,C,organic-position | top-organic-keyword,https://www.houseoftraining.lu/ | https://www.infpc.lu/trouver-une-formation/fr | https://www.lifelong-learning.lu/accueil/fr | https://www.unipop.lu/formations/
learn luxembourgish online,4,educateme.lu | luxlanguages.lu | luxlessons.lu | moienasbl.lu,0,480,21,C,organic-position | top-organic-keyword,educateme.lu/learning-luxembourgish-short | https://educateme.lu/learning-luxembourgish-short | https://educateme.lu/luxembourgish-from-basic-to-advanced | https://www.luxlanguages.lu/ | https://www.luxlessons.lu/
formation,4,houseoftraining.lu | infpc.lu | lifelong-learning.lu | unipop.lu,1,260,32,C,organic-position,https://www.houseoftraining.lu/ | https://www.infpc.lu/trouver-une-formation/fr | https://www.infpc.lu/ | https://www.infpc.lu/qui-sommes-nous/fr | https://www.lifelong-learning.lu/accueil/fr
cours du soir luxembourg,4,houseoftraining.lu | infpc.lu | institut-francais-luxembourg.lu | lifelong-learning.lu,2,170,9,C,organic-position,https://www.houseoftraining.lu/ | https://www.infpc.lu/trouver-une-formation/fr | https://institut-francais-luxembourg.lu/cours-collectifs-adultes-cours-du-soir-en-ligne/ | https://www.lifelong-learning.lu/recherche/formation/fr?keyword=slot(evening)
sproochentest luxembourg,4,educateme.lu | inll.lu | luxlessons.lu | sproochentest.etic.lu,1,170,15,"I | I,N",organic-position | top-organic-keyword,educateme.lu/tpost/7skm5rc9f1-booking-your-appointment-for-the-sprooch | https://educateme.lu/tpost/7skm5rc9f1-booking-your-appointment-for-the-sprooch | https://educateme.lu/tpost/7x4vcrtf51-surviving-the-sproochentest-essential-gu | https://educateme.lu/tpost/fduufuslm1-survivre-au-sproochentest-un-guide-pour | https://educateme.lu/tpost/yz74frb8t1-rserver-votre-rendez-vous-pour-le-sprooc
cours en ligne luxembourg,4,educateme.lu | institut-francais-luxembourg.lu | sproochentest.etic.lu | unipop.lu,6,110,11,C,organic-position,https://educateme.lu/fr | https://institut-francais-luxembourg.lu/cours-collectifs-adultes-cours-du-soir-en-ligne/ | https://institut-francais-luxembourg.lu/cours-collectifs-adultes-cours-du-samedi-matin/ | https://moodle.etic.lu/course/index.php?categoryid=1 | https://www.unipop.lu/formations/langues/
luxembourgish online course,4,educateme.lu | luxlanguages.lu | luxlessons.lu | moienasbl.lu,0,90,17,I,organic-position | top-organic-keyword,educateme.lu/intensive-luxembourgish | https://educateme.lu/intensive-luxembourgish | https://www.luxlanguages.lu/ | https://www.luxlessons.lu/ | https://moienasbl.lu/en/services/cours-de-luxembourgeois/
cours d anglais luxembourg,4,inlingua.lu | luxlanguages.lu | moienasbl.lu | prolingua.lu,3,70,19,C,organic-position,https://www.inlingua.lu/ | https://www.inlingua.lu/cours-enfants | https://www.inlingua.lu/adultes/adultes-cours-en-groupe | https://www.luxlanguages.lu/ | https://moienasbl.lu/services/cours-de-luxembourgeois/
inll sproochentest,4,educateme.lu | luxlanguages.lu | luxlessons.lu | moienasbl.lu,16,70,14,"N,T",organic-position,https://educateme.lu/tpost/7skm5rc9f1-booking-your-appointment-for-the-sprooch | https://educateme.lu/tpost/fduufuslm1-survivre-au-sproochentest-un-guide-pour | https://educateme.lu/tpost/yz74frb8t1-rserver-votre-rendez-vous-pour-le-sprooc | https://educateme.lu/tpost/7x4vcrtf51-surviving-the-sproochentest-essential-gu | https://www.luxlanguages.lu/sproochentest-tout-ce-quil-faut-savoir-pour-reussir-le-test-de-luxembourgeois/
apprendre luxembourgeois,4,inlingua.lu | luxlanguages.lu | luxlessons.lu | prolingua.lu,10,50,14,I,organic-position,https://www.inlingua.lu/ | https://www.luxlanguages.lu/ | https://www.luxlessons.lu/ | https://prolingua.lu/fr/formations_8/langue/luxembourgeois_9/
french classes luxembourg,3,inll.lu | lifelong-learning.lu | prolingua.lu,1,390,14,C,organic-position,https://www.inll.lu/de/sprachen/franzoesisch/ | https://www.lifelong-learning.lu/recherche/formations/langues/francais-langue-etrangere/de | https://prolingua.lu/en/courses_25/langue/french_7/
inl sproochentest,3,educateme.lu | inll.lu | luxlessons.lu,1,210,22,N,organic-position,educateme.lu/tpost/7skm5rc9f1-booking-your-appointment-for-the-sprooch | https://educateme.lu/tpost/7skm5rc9f1-booking-your-appointment-for-the-sprooch | https://educateme.lu/tpost/7x4vcrtf51-surviving-the-sproochentest-essential-gu | https://educateme.lu/tpost/fduufuslm1-survivre-au-sproochentest-un-guide-pour | https://educateme.lu/tpost/yz74frb8t1-rserver-votre-rendez-vous-pour-le-sprooc
langue luxembourg,3,inlingua.lu | luxlanguages.lu | unipop.lu,14,210,33,I,organic-position,https://www.inlingua.lu/ | https://www.luxlanguages.lu/ | https://www.unipop.lu/formations/langues/
formation continue luxembourg,3,houseoftraining.lu | infpc.lu | lifelong-learning.lu,1,140,29,C,organic-position,https://www.houseoftraining.lu/ | https://www.infpc.lu/trouver-une-formation/fr | https://www.lifelong-learning.lu/accueil/fr
cours luxembourgeois en ligne,3,luxlessons.lu | moienasbl.lu | unipop.lu,4,90,10,"C,I",organic-position,https://www.luxlessons.lu/ | https://moienasbl.lu/services/cours-de-luxembourgeois/ | https://www.unipop.lu/formations/langues/
language school luxembourg,3,educateme.lu | inlingua.lu | luxlessons.lu,2,90,22,C,organic-position,https://educateme.lu/ | https://www.inlingua.lu/en | https://www.luxlessons.lu/
sproochentest lëtzebuergesch,3,educateme.lu | luxlessons.lu | sproochentest.etic.lu,5,70,17,"I,T",organic-position,https://educateme.lu/tpost/7skm5rc9f1-booking-your-appointment-for-the-sprooch | https://www.luxlessons.lu/sproochentest-letzebuergesch | https://sproochentest.etic.lu/?lang=de | https://sproochentest.etic.lu/
cours anglais intensif luxembourg,3,inlingua.lu | luxlanguages.lu | prolingua.lu,3,40,15,C,organic-position,https://www.inlingua.lu/ | https://www.luxlanguages.lu/ | https://prolingua.lu/
cours luxembourgeois intensif,3,luxlanguages.lu | moienasbl.lu | prolingua.lu,4,40,15,C,organic-position,https://www.luxlanguages.lu/ | https://moienasbl.lu/services/ | https://prolingua.lu/fr/formations_8/langue/luxembourgeois_9/
apprendre le luxembourgeois rapidement,3,moienasbl.lu | prolingua.lu | unipop.lu,10,30,9,I,organic-position,https://moienasbl.lu/services/cours-de-luxembourgeois/ | https://prolingua.lu/fr/formations_8/langue/luxembourgeois_9/ | https://prolingua.lu/fr/actualites_19/apprendre-le-luxembourgeois-une-langue-au-service-de-l-integration_70/ | https://prolingua.lu/en/courses_25/langue/luxembourgish_9/ | https://www.unipop.lu/formations/langues/
cours de français,3,institut-francais-luxembourg.lu | luxlanguages.lu | prolingua.lu,7,30,14,C,organic-position,https://institut-francais-luxembourg.lu/ | https://institut-francais-luxembourg.lu/certifications/ | https://institut-francais-luxembourg.lu/cours-collectifs-adultes/ | https://www.luxlanguages.lu/ | https://prolingua.lu/
cours de langue française,3,institut-francais-luxembourg.lu | luxlanguages.lu | prolingua.lu,5,30,15,C,organic-position,https://institut-francais-luxembourg.lu/ | https://institut-francais-luxembourg.lu/cours-collectifs-adultes-cours-du-soir-en-ligne/ | https://institut-francais-luxembourg.lu/certifications/ | https://www.luxlanguages.lu/ | https://prolingua.lu/fr/formations_8/langue/francais_7/
cours intensif luxembourgeois,3,institut-francais-luxembourg.lu | moienasbl.lu | unipop.lu,2,30,24,C,organic-position,https://institut-francais-luxembourg.lu/cours-collectifs-adultes-cours-intensifs/ | https://moienasbl.lu/services/cours-de-luxembourgeois/ | https://www.unipop.lu/formations/langues/
house of training,2,houseoftraining.lu | lifelong-learning.lu,1,6600,48,N,organic-position,https://www.houseoftraining.lu/ | https://www.lifelong-learning.lu/recherche/formateur/en?keyword=organism(485ded4a-7761-4b91-b17f-bccd1ce3a942)
marketing digital,2,houseoftraining.lu | lifelong-learning.lu,2,4400,27,I,organic-position,https://www.houseoftraining.lu/training/marketing-digital-au-luxembourg-marketing-digital-pour-marketeur-12267 | https://www.lifelong-learning.lu/recherche/formations/gestion-commerciale/marketing-electronique/fr
inl luxembourg,2,inlingua.lu | inll.lu,0,2400,26,N,organic-position | top-organic-keyword,https://www.inlingua.lu/ | https://www.inll.lu/de/ | https://www.inll.lu/de/myinl-de/ | https://www.inll.lu/de/sprachkurse/ | https://myinl.inll.lu/
cnfpc,2,infpc.lu | lifelong-learning.lu,4,1000,21,N,organic-position,https://www.infpc.lu/cofinancement-de-la-formation/fr | https://www.lifelong-learning.lu/lexique/cnfpc/de
vivre ensemble au grand duché de luxembourg,2,lifelong-learning.lu | unipop.lu,0,1000,15,I,organic-position | top-organic-keyword,https://www.lifelong-learning.lu/formations-continues-reglementees/acquisition-de-la-nationalite-luxembourgeoise/fr | https://www.unipop.lu/formations/citoyennete-et-integration/
lifelong learning,2,infpc.lu | lifelong-learning.lu,1,880,18,"I,T",organic-position,https://www.infpc.lu/trouver-une-formation/de | https://www.lifelong-learning.lu/accueil/de | https://www.lifelong-learning.lu/formation-tout-au-long-de-la-vie/de | https://www.lifelong-learning.lu/particuliers/de | https://www.lifelong-learning.lu/formateur/luxembourg-lifelong-learning-centre-de-la-chambre-des-salaries/de
eformation lu,2,educateme.lu | infpc.lu,12,720,21,"I,T",organic-position,https://educateme.lu/fr | https://www.infpc.lu/ | https://www.infpc.lu/trouver-une-formation/fr
lifelong learning luxembourg,2,infpc.lu | lifelong-learning.lu,1,590,23,C,organic-position,https://www.infpc.lu/trouver-une-formation/de | https://www.lifelong-learning.lu/accueil/de | https://www.lifelong-learning.lu/particuliers/de | https://www.lifelong-learning.lu/formateur/luxembourg-lifelong-learning-centre-de-la-chambre-des-salaries/de | https://www.lifelong-learning.lu/formation-tout-au-long-de-la-vie/de
luxembourg language,2,educateme.lu | luxlessons.lu,9,590,36,I,organic-position,educateme.lu/tpost/g1z53b3p81-30-basic-luxembourgish-words-you-need-to | https://educateme.lu/tpost/g1z53b3p81-30-basic-luxembourgish-words-you-need-to | https://educateme.lu/tpost/zf8pv7a751-luxembourgish-language-levels-explained | https://www.luxlessons.lu/
first aid course,2,houseoftraining.lu | lifelong-learning.lu,1,390,14,I,organic-position,https://www.houseoftraining.lu/en_GB/training/first-aid-training-4487 | https://www.lifelong-learning.lu/recherche/formations/defense-prevention-securite/securite-civile/en
français luxembourgeois,2,institut-francais-luxembourg.lu | luxlanguages.lu,17,320,19,I,organic-position,https://institut-francais-luxembourg.lu/ | https://www.luxlanguages.lu/
inl lu,2,inlingua.lu | inll.lu,1,320,32,N,organic-position,https://www.inlingua.lu/ | https://www.inll.lu/
learn luxembourgish,2,educateme.lu | luxlessons.lu,0,320,28,I,organic-position | top-organic-keyword,educateme.lu/learning-luxembourgish-short | https://educateme.lu/learning-luxembourgish-short | https://www.luxlessons.lu/ | https://www.luxlessons.lu/luxembourgish-course
apprendre le luxembourgeois,2,educateme.lu | unipop.lu,18,260,7,I,organic-position,https://educateme.lu/tpost/ukdm5mo7s1-apprendre-le-luxembourgeois-sans-se-ruin | https://www.unipop.lu/formations/langues/
e formation,2,houseoftraining.lu | infpc.lu,11,260,32,"I,N",organic-position,https://www.houseoftraining.lu/page/nos-formations-a-distance | https://www.infpc.lu/trouver-une-formation/fr
inl mersch,2,inlingua.lu | inll.lu,1,260,20,N,organic-position,https://www.inlingua.lu/ | https://www.inll.lu/
prolingua luxembourg,2,inlingua.lu | prolingua.lu,0,260,21,N,organic-position | top-organic-keyword,https://www.inlingua.lu/ | https://www.inlingua.lu/a-propos-inlingua-luxembourg | https://www.inlingua.lu/en | https://prolingua.lu/
apprentissage adulte,2,infpc.lu | unipop.lu,12,210,22,I,organic-position,https://www.infpc.lu/trouver-une-formation/fr | https://www.unipop.lu/enseignement-formel-pour-adultes/
cours,2,moienasbl.lu | unipop.lu,17,140,67,I,organic-position,https://moienasbl.lu/services/cours-de-luxembourgeois/ | https://www.unipop.lu/formations/langues/
formations continue,2,houseoftraining.lu | lifelong-learning.lu,1,140,28,I,organic-position,https://www.houseoftraining.lu/ | https://www.lifelong-learning.lu/accueil/fr
luxembourg cours de langue,2,luxlessons.lu | unipop.lu,4,140,33,C,organic-position,https://www.luxlessons.lu/ | https://www.unipop.lu/formations/langues/
schwätzt dir lëtzebuergesch a2 pdf,2,inll.lu | moienasbl.lu,1,140,13,"I,T",organic-position,https://sdl.inll.lu/ | https://moienasbl.lu/liens/
cours anglais luxembourg,2,prolingua.lu | unipop.lu,3,110,17,C,organic-position,https://prolingua.lu/ | https://www.unipop.lu/formations/langues/
cours luxembourgeois en ligne gratuit,2,luxlessons.lu | sproochentest.etic.lu,58,110,17,I,organic-position,https://www.luxlessons.lu/ | https://moodle.etic.lu/course/index.php?categoryid=1
formation professionnelle luxembourg,2,infpc.lu | unipop.lu,3,110,37,C,organic-position,https://www.infpc.lu/trouver-une-formation/fr | https://www.unipop.lu/formation-professionnelle/
langue lu,2,luxlanguages.lu | unipop.lu,8,70,27,I,organic-position,https://www.luxlanguages.lu/ | https://www.unipop.lu/formations/langues/
learn luxembourgish book,2,educateme.lu | luxlessons.lu,16,70,7,I,organic-position,https://educateme.lu/luxembourgish-from-basic-to-advanced | https://www.luxlessons.lu/
sproochentest examples,2,educateme.lu | luxlessons.lu,3,70,3,"I,T",organic-position,https://educateme.lu/tpost/7x4vcrtf51-surviving-the-sproochentest-essential-gu | https://www.luxlessons.lu/sproochentest-letzebuergesch
cours allemand luxembourg,2,prolingua.lu | unipop.lu,4,50,13,C,organic-position,https://prolingua.lu/ | https://www.unipop.lu/formations/langues/
formation anglais luxembourg,2,luxlanguages.lu | unipop.lu,4,50,0,C,organic-position,https://www.luxlanguages.lu/ | https://www.unipop.lu/formations/langues/
formation professionnelle,2,infpc.lu | unipop.lu,4,50,40,C,organic-position,https://www.infpc.lu/ | https://www.unipop.lu/formation-professionnelle/
cours de francais au luxembourg,2,institut-francais-luxembourg.lu | prolingua.lu,4,40,9,C,organic-position,https://institut-francais-luxembourg.lu/ | https://institut-francais-luxembourg.lu/cours-collectifs-adultes-cours-intensifs/ | https://institut-francais-luxembourg.lu/cours-collectifs-adultes-cours-du-soir-en-ligne/ | https://institut-francais-luxembourg.lu/cours-collectifs-adultes-ateliers-de-conversation/ | https://institut-francais-luxembourg.lu/cours-collectifs-adultes/
cours de langue,2,luxlanguages.lu | prolingua.lu,3,40,26,C,organic-position,https://www.luxlanguages.lu/ | https://prolingua.lu/
curso frances luxemburgo,2,institut-francais-luxembourg.lu | luxlanguages.lu,5,40,12,C,organic-position,https://institut-francais-luxembourg.lu/ | https://institut-francais-luxembourg.lu/certifications/ | https://www.luxlanguages.lu/
formation agile,2,houseoftraining.lu | lifelong-learning.lu,1,40,7,I,organic-position,https://www.houseoftraining.lu/training/methode-agile-scrum-4738 | https://www.lifelong-learning.lu/recherche/formations/informatique/methode-agile/fr
formation lucien huss,2,luxlanguages.lu | unipop.lu,19,40,4,N,organic-position,https://www.luxlanguages.lu/ | https://www.unipop.lu/formations/langues/
cours d anglais intensif luxembourg,2,prolingua.lu | unipop.lu,3,30,15,C,organic-position,https://prolingua.lu/ | https://www.unipop.lu/formations/langues/
cours de soir luxembourg,2,institut-francais-luxembourg.lu | unipop.lu,7,30,17,C,organic-position,https://institut-francais-luxembourg.lu/cours-collectifs-adultes-cours-du-soir-en-ligne/ | https://www.unipop.lu/
formation professionnel,2,infpc.lu | unipop.lu,3,30,20,C,organic-position,https://www.infpc.lu/trouver-une-formation/fr | https://www.unipop.lu/formation-professionnelle/
pwc luxembourg,1,pwc.lu,1,6600,43,N,organic-position,https://www.pwc.lu/
université luxembourg,1,unipop.lu,0,6600,51,N,organic-position | top-organic-keyword,https://www.unipop.lu/
belval université,1,unipop.lu,17,4400,30,N,organic-position,https://www.unipop.lu/
indexation luxembourg 2025,1,pwc.lu,12,4400,17,I,organic-position,https://www.pwc.lu/en/newsletter/2025/parametres-sociaux-mai-2025.html
inl,1,inll.lu,0,4400,29,N,organic-position | top-organic-keyword,https://www.inll.lu/de/ | https://www.inll.lu/de/myinl-de/ | https://myinl.inll.lu/ | https://www.inll.lu/de/poterkescht-4/ | https://myinl.inll.lu/web/login
inll,1,inll.lu,0,4400,37,N,organic-position | top-organic-keyword,https://www.inll.lu/de/
université belval,1,unipop.lu,0,4400,26,I,organic-position | top-organic-keyword,https://www.unipop.lu/
wealth management,1,pwc.lu,5,3600,28,C,organic-position,https://www.pwc.lu/en/asset-management.html
chambre de commerce luxembourg,1,lifelong-learning.lu,5,2900,30,N,organic-position,https://www.lifelong-learning.lu/formateur/chambre-de-commerce/fr
national language institute,1,inll.lu,0,2900,29,N,organic-position | top-organic-keyword,https://www.inll.lu/en/
professional development,1,lifelong-learning.lu,5,2900,34,I,organic-position,https://www.lifelong-learning.lu/recherche/sous-domaines-de-formation/developpement-personnel-et-professionnel/en
continuing education,1,lifelong-learning.lu,2,2400,28,I,organic-position,https://www.lifelong-learning.lu/accueil/en | https://www.lifelong-learning.lu/formations-continues-reglementees/en
salaire minimum luxembourg 2025,1,pwc.lu,9,2400,24,I,organic-position,https://www.pwc.lu/en/newsletter/2025/parametres-sociaux-1er-janvier-2025.html
myinl,1,inll.lu,0,1900,12,N,organic-position | top-organic-keyword,https://myinl.inll.lu/web/login | https://myinl.inll.lu/ | https://myinl.inll.lu/fr_FR | https://myinl.inll.lu/fr_FR/web/login | https://www.inll.lu/de/myinl-de/
house of entrepreneurship,1,houseoftraining.lu,3,1600,26,N,organic-position,https://www.houseoftraining.lu/en_GB/training/domain/entrepreneurship-business-management-161
pwc,1,pwc.lu,1,1600,66,"I,N",organic-position,https://www.pwc.lu/
ambassade de france luxembourg,1,institut-francais-luxembourg.lu,0,1000,27,I,organic-position | top-organic-keyword,https://institut-francais-luxembourg.lu/
education,1,educateme.lu,31,1000,56,"I,T",organic-position,https://educateme.lu/fr
education application,1,educateme.lu,0,1000,18,"N,T",organic-position | top-organic-keyword,https://educateme.lu/fr
indice luxembourg 2023,1,pwc.lu,4,1000,10,I,organic-position,https://www.pwc.lu/en/newsletter/2023/social-parameters-on-1st-september-2023-vf.html
my inl,1,inll.lu,1,1000,19,"N,T",organic-position,https://myinl.inll.lu/
université de luxembourg,1,unipop.lu,12,1000,61,N,organic-position,https://www.unipop.lu/
ambassade de france,1,institut-francais-luxembourg.lu,49,880,32,C,organic-position,https://institut-francais-luxembourg.lu/
workiva,1,pwc.lu,3,880,52,N,organic-position,https://www.pwc.lu/en/alliances/workiva.html
aifmd,1,pwc.lu,3,720,20,I,organic-position,https://www.pwc.lu/en/alternative-investments/aifmd.html
code du travail luxembourg,1,lifelong-learning.lu,7,720,14,"I,T",organic-position,https://www.lifelong-learning.lu/formation/le-code-du-travail-s-dt0001/fr
formation agent de sécurité luxembourg,1,lifelong-learning.lu,3,720,8,C,organic-position,https://www.lifelong-learning.lu/recherche/formations/defense-prevention-securite/surveillance-protection-gardiennage/fr
lllc,1,lifelong-learning.lu,2,720,15,I,organic-position,https://www.lifelong-learning.lu/formateur/luxembourg-lifelong-learning-centre-de-la-chambre-des-salaries/de
luxembourg stock exchange,1,pwc.lu,4,720,26,N,organic-position,https://www.pwc.lu/en/capital-markets/docs/pwc-luxembourg-stock-exchange.pdf
minimum salary luxembourg,1,pwc.lu,4,720,13,I,organic-position,https://www.pwc.lu/en/newsletter/2026/social-parameters-jan-2026.html
nationalité luxembourgeoise,1,lifelong-learning.lu,7,720,17,I,organic-position,https://www.lifelong-learning.lu/formations-continues-reglementees/acquisition-de-la-nationalite-luxembourgeoise/fr
service de la formation des adultes,1,infpc.lu,5,720,15,"I,T",organic-position,https://www.infpc.lu/trouver-une-formation/fr
staatsexamen luxemburg,1,lifelong-learning.lu,10,720,17,N,organic-position,https://www.lifelong-learning.lu/recherche/formations/science-politique/preparation-examen-concours-fonction-publique/fr
adr,1,houseoftraining.lu,5,590,32,N,organic-position,https://www.houseoftraining.lu/training/schulung-von-adr-fahrzeugfuhrern-adr-conducteur-de-vehicules-effectuant-des-transports-de-marchandises-dangereuses-lu-3394
agent de voyage,1,lifelong-learning.lu,1,590,15,C,organic-position,https://www.lifelong-learning.lu/profession/agent-de-voyages/fr
cnfpc ettelbruck,1,lifelong-learning.lu,4,590,20,I,organic-position,https://www.lifelong-learning.lu/formateur/centre-national-de-formation-professionnelle-continue-ettelbruck/de
code du travail,1,lifelong-learning.lu,6,590,12,I,organic-position,https://www.lifelong-learning.lu/formation/le-code-du-travail-s-dt0001/fr
horesca luxembourg,1,houseoftraining.lu,4,590,24,N,organic-position,https://www.houseoftraining.lu/training/domain/horeca-153
institut national des langues,1,inll.lu,1,590,24,C,organic-position,https://www.inll.lu/
luxembourgeois,1,luxlanguages.lu,24,590,24,I,organic-position,https://www.luxlanguages.lu/categorie/luxembourgeois/ | https://www.luxlanguages.lu/
luxembourgish,1,luxlessons.lu,5,590,36,I,organic-position,https://www.luxlessons.lu/
moodle inl,1,inll.lu,1,590,18,N,organic-position,https://myinl.inll.lu/
oai,1,houseoftraining.lu,3,590,28,N,organic-position,https://www.houseoftraining.lu/page/cycle-de-formation-oai
15 rue léon hengen,1,unipop.lu,0,480,10,I,organic-position | top-organic-keyword,https://www.unipop.lu/contact/ | https://www.unipop.lu/
consulat france luxembourg,1,institut-francais-luxembourg.lu,22,480,26,N,organic-position,https://institut-francais-luxembourg.lu/
house of training luxembourg,1,houseoftraining.lu,1,480,27,"I,T",organic-position,https://www.houseoftraining.lu/ | https://www.houseoftraining.lu/training | https://www.houseoftraining.lu/en_GB
index luxembourg 2025,1,pwc.lu,10,480,18,I,organic-position,https://www.pwc.lu/en/newsletter/2025/parametres-sociaux-mai-2025.html
indexation salaire luxembourg 2023,1,pwc.lu,4,480,11,I,organic-position,https://www.pwc.lu/en/newsletter/2023/social-parameters-on-1st-september-2023-vf.html
infpc,1,infpc.lu,1,480,22,"I,T",organic-position,https://www.infpc.lu/
mifid ii,1,pwc.lu,5,480,32,I,organic-position,https://www.pwc.lu/en/mifid/docs/pwc-markets-in-financial-instruments-directive-2-mifid-2-level-1.pdf
moien,1,moienasbl.lu,0,480,26,I,organic-position | top-organic-keyword,https://moienasbl.lu/ | https://moienasbl.lu/en/ | https://moienasbl.lu/en/services/cours-de-luxembourgeois/ | https://moienasbl.lu/services/cours-de-luxembourgeois/ | https://moienasbl.lu/contact/
prolingua,1,prolingua.lu,0,480,16,"N,T",organic-position | top-organic-keyword,https://prolingua.lu/de/ | https://prolingua.lu/ | https://prolingua.lu/en/ | https://prolingua.lu/fr/formations_8/langue/luxembourgeois_9/ | https://prolingua.lu/en/courses_25/
prolingue,1,prolingua.lu,0,480,31,I,organic-position | top-organic-keyword,https://prolingua.lu/
pwc luxembourg careers,1,pwc.lu,1,480,21,"N,T",organic-position,https://www.pwc.lu/en/careers.html | https://www.pwc.lu/en/careers/experienced-jobs.html | https://www.pwc.lu/en/careers/discover-services/people-stories.html
raif law,1,pwc.lu,10,480,18,I,organic-position,https://www.pwc.lu/en/alternative-investments/docs/pwc-introduction-to-luxembourg-alternative-investment-vehicles.pdf
reconnaissance diplome luxembourg,1,lifelong-learning.lu,6,480,19,"I,T",organic-position,https://www.lifelong-learning.lu/formation-tout-au-long-de-la-vie/reconnaissance-des-diplomes-de-l-enseignement-superieur/fr
salaire social minimum luxembourg 2023,1,pwc.lu,3,480,14,I,organic-position,https://www.pwc.lu/en/newsletter/2023/social-parameters-on-1st-september-2023-vf.html
18 698,1,pwc.lu,8,390,11,I,organic-position,https://www.pwc.lu/en/pwcacademy/training-library/focus-on-cssf-circular-18-698.html
luxembourg francais,1,institut-francais-luxembourg.lu,10,390,64,I,organic-position,https://institut-francais-luxembourg.lu/
mifid,1,pwc.lu,5,390,30,I,organic-position,https://www.pwc.lu/en/mifid.html
moien asbl,1,moienasbl.lu,0,390,12,N,organic-position | top-organic-keyword,https://moienasbl.lu/ | https://moienasbl.lu/services/cours-de-luxembourgeois/ | https://moienasbl.lu/services/ | https://moienasbl.lu/services/cours-intensifs-dete/ | https://moienasbl.lu/en/services/
pro lingua luxembourg,1,prolingua.lu,0,390,31,N,organic-position | top-organic-keyword,https://prolingua.lu/
prolingua language centre,1,prolingua.lu,0,390,19,N,organic-position | top-organic-keyword,https://prolingua.lu/
ressources humaines,1,houseoftraining.lu,5,390,20,I,organic-position,https://www.houseoftraining.lu/training/gestion-des-ressources-humaines-fondamentaux-1679
université,1,unipop.lu,4,390,60,N,organic-position,https://www.unipop.lu/ | https://www.unipop.lu/formations/langues/
vivre ensemble,1,unipop.lu,4,390,21,I,organic-position,https://www.unipop.lu/formations/citoyennete-et-integration/
bts luxembourg,1,lifelong-learning.lu,3,320,21,I,organic-position,https://www.lifelong-learning.lu/diplomes-en-formation-continue/bts-brevet-de-technicien-superieur/de
examen,1,inlingua.lu,28,320,26,I,organic-position,https://www.inlingua.lu/adultes/adultes-examens
horeca,1,houseoftraining.lu,3,320,21,I,organic-position,https://www.houseoftraining.lu/training/domain/horeca-153
inl belval,1,inll.lu,1,320,21,N,organic-position,https://www.inll.lu/
letzebuergesch,1,sproochentest.etic.lu,17,320,40,I,organic-position,https://etic.lu/en/letzebuergesch/
lux online,1,luxlessons.lu,6,320,58,N,organic-position,https://www.luxlessons.lu/
salaire social minimum luxembourg,1,pwc.lu,7,320,22,I,organic-position,https://www.pwc.lu/en/newsletter/2026/parametres-sociaux-jan-2026.html
ucits,1,pwc.lu,2,320,24,I,organic-position,https://www.pwc.lu/en/asset-management/ucits-4-5.html
vae,1,lifelong-learning.lu,2,320,15,I,organic-position,https://www.lifelong-learning.lu/vae/de
myinl login,1,inll.lu,1,260,15,N,organic-position,https://myinl.inll.lu/web/login
sdl inll lu,1,inll.lu,1,260,14,"N,T",organic-position,https://sdl.inll.lu/
uni belval,1,unipop.lu,4,260,37,"N,T",organic-position,https://www.unipop.lu/
aifmd ii,1,pwc.lu,7,210,15,I,organic-position,https://www.pwc.lu/en/pwcacademy/training-library/aifmd-2.html
ccdl,1,sproochentest.etic.lu,9,210,15,I,organic-position,https://ccdl.etic.lu/ | https://ccdl.etic.lu/?lang=de
inll belval,1,inll.lu,1,210,29,N,organic-position,https://www.inll.lu/
insurance,1,pwc.lu,4,210,23,C,organic-position,https://www.pwc.lu/en/insurance.html
lux gaap,1,pwc.lu,3,210,13,I,organic-position,https://www.pwc.lu/en/accounting/docs/handbook-en.pdf
moovijob day luxembourg 2024,1,infpc.lu,4,210,18,"N,T",organic-position,https://www.infpc.lu/evenement/moovijob-day-2024/de
vivre ensemble luxembourg,1,unipop.lu,5,210,17,I,organic-position,https://www.unipop.lu/formations/citoyennete-et-integration/
audit,1,pwc.lu,2,170,28,I,organic-position,https://www.pwc.lu/en/audit.html
auxiliaire de vie,1,lifelong-learning.lu,1,170,9,I,organic-position,https://www.lifelong-learning.lu/profession/auxiliaire-de-vie/fr
centre national de formation professionnelle continue,1,infpc.lu,13,170,14,C,organic-position,https://www.infpc.lu/
congé formation luxembourg,1,infpc.lu,34,170,16,I,organic-position,https://www.infpc.lu/actualite/conges-et-aides-a-la-formation-pour-particuliers/fr
daeu,1,lifelong-learning.lu,2,170,22,I,organic-position,https://www.lifelong-learning.lu/diplomes-en-formation-continue/daeu-diplome-d-acces-aux-etudes-universitaires/de
dpo,1,houseoftraining.lu,4,170,26,I,organic-position,https://www.houseoftraining.lu/en_GB/training/profil-professionnel/data-protection-officer-dpo-518
inl login,1,inll.lu,1,170,15,N,organic-position,https://myinl.inll.lu/web/login
inll lu,1,inll.lu,1,170,26,N,organic-position,https://www.inll.lu/
institut francais luxembourg,1,institut-francais-luxembourg.lu,0,170,26,N,organic-position | top-organic-keyword,https://institut-francais-luxembourg.lu/
ccp luxembourg,1,lifelong-learning.lu,1,140,10,I,organic-position,https://www.lifelong-learning.lu/diplomes-en-formation-continue/ccp-certificat-de-capacite-professionnelle/fr
cflh luxembourg,1,luxlanguages.lu,8,140,35,N,organic-position,https://www.luxlanguages.lu/
cours de luxembourgeois en ligne,1,sproochentest.etic.lu,14,140,24,C,organic-position,https://moodle.etic.lu/course/index.php?categoryid=1
duolingo luxembourgeois,1,educateme.lu,34,140,28,I,organic-position,https://educateme.lu/tpost/1dy8ocg7h1-how-to-learn-luxembourgish-part-3
duolingo luxembourgish,1,educateme.lu,25,140,21,I,organic-position,https://educateme.lu/tpost/1dy8ocg7h1-how-to-learn-luxembourgish-part-3 | https://educateme.lu/tpost/ito9182jd1-the-ultimate-guide-to-learning-luxembour
formations continues,1,lifelong-learning.lu,1,140,29,I,organic-position,https://www.lifelong-learning.lu/accueil/fr
gicea,1,moienasbl.lu,21,140,24,I,organic-position,https://moienasbl.lu/wp-content/uploads/2017/06/INFOBLAT2023.pdf
inlingua luxembourg,1,inlingua.lu,1,140,21,N,organic-position,https://www.inlingua.lu/
institut français du luxembourg,1,institut-francais-luxembourg.lu,0,140,19,N,organic-position | top-organic-keyword,https://institut-francais-luxembourg.lu/
langue niveau,1,moienasbl.lu,88,140,19,I,organic-position,https://moienasbl.lu/niveaux-cecr/
moien luxembourg,1,moienasbl.lu,0,140,22,N,organic-position | top-organic-keyword,https://moienasbl.lu/
pricewaterhousecoopers,1,pwc.lu,1,140,33,N,organic-position,https://www.pwc.lu/
priips,1,pwc.lu,2,140,14,I,organic-position,https://www.pwc.lu/en/priips.html
psf,1,pwc.lu,2,140,12,I,organic-position,https://www.pwc.lu/en/regulatory-compliance/banking-and-psf/banking-applying-for-a-psf-licence.html
pwc careers,1,pwc.lu,1,140,15,"N,T",organic-position,https://www.pwc.lu/en/careers.html
pwc legal,1,pwc.lu,2,140,32,"I,T",organic-position,https://www.pwc.lu/
real estate investment luxembourg,1,pwc.lu,3,140,13,C,organic-position,https://www.pwc.lu/en/alternative-investments/real-estate.html
rue gerhard mercator luxembourg,1,pwc.lu,4,140,10,I,organic-position,https://www.pwc.lu/en/location.html
schwätzt dir lëtzebuergesch,1,inll.lu,1,140,13,N,organic-position,https://sdl.inll.lu/
schwätzt dir lëtzebuergesch a1,1,inll.lu,1,140,13,I,organic-position,https://sdl.inll.lu/
travailleur désigné,1,houseoftraining.lu,2,140,12,I,organic-position,https://www.houseoftraining.lu/training/travailleur-designe-en-matiere-de-securite-et-de-sante-au-travail-groupe-c-1666
alliance française,1,institut-francais-luxembourg.lu,6,110,55,C,organic-position,https://institut-francais-luxembourg.lu/
bob 50,1,houseoftraining.lu,3,110,8,I,organic-position,https://www.houseoftraining.lu/training/utilisation-du-logiciel-comptable-sage-bob-50-fondamentaux-1546
centre de langues luxembourg,1,inll.lu,1,110,26,N,organic-position,https://www.inll.lu/
cif luxembourg,1,infpc.lu,11,110,15,I,organic-position,https://www.infpc.lu/presse/aides-individuelles-a-la-formation-continue/de
circular 18 698,1,pwc.lu,4,110,8,I,organic-position,https://www.pwc.lu/en/pwcacademy/training-library/focus-on-cssf-circular-18-698.html
fatca crs,1,pwc.lu,1,110,15,I,organic-position,https://www.pwc.lu/en/pwc-regulated-solutions/fatca-crs.html
house of training login,1,houseoftraining.lu,1,110,32,"I,T",organic-position,https://www.houseoftraining.lu/en_GB/web/login
île aux clowns,1,prolingua.lu,27,110,21,"I,N",organic-position,https://prolingua.lu/fr/actualites_19/prolingua-court-pour-la-bonne-cause-soutenir-l-ile-aux-clowns_77/
luxembourg etf,1,pwc.lu,4,110,11,C,organic-position,https://www.pwc.lu/en/asset-management/etfs.html
my inl lu,1,inll.lu,1,110,19,N,organic-position,https://myinl.inll.lu/fr_FR
pwc luxembourg jobs,1,pwc.lu,1,110,17,"N,T",organic-position,https://www.pwc.lu/en/careers.html
schwartz dir letzebuergesch,1,inll.lu,1,110,13,N,organic-position,https://sdl.inll.lu/
sciences naturelles,1,unipop.lu,14,110,17,I,organic-position,https://www.unipop.lu/formations/sciences-naturelles-et-mathematiques/
sécurité informatique formation,1,lifelong-learning.lu,1,110,17,I,organic-position,https://www.lifelong-learning.lu/recherche/formations/informatique/securite-informatique/fr
securitisation,1,pwc.lu,1,110,18,I,organic-position,https://www.pwc.lu/en/securitisation.html
securitization,1,pwc.lu,2,110,26,I,organic-position,https://www.pwc.lu/en/securitisation/securitisation-in-luxembourg-comprehensive-guide-2025.html
université du,1,unipop.lu,31,110,22,N,organic-position,https://www.unipop.lu/
alliance francaise,1,institut-francais-luxembourg.lu,0,90,0,C,organic-position | top-organic-keyword,https://institut-francais-luxembourg.lu/
cours vivre ensemble au grand duché de luxembourg,1,unipop.lu,4,90,13,I,organic-position,https://www.unipop.lu/formations/citoyennete-et-integration/
daeu luxembourg,1,lifelong-learning.lu,1,90,13,I,organic-position,https://www.lifelong-learning.lu/diplomes-en-formation-continue/daeu-diplome-d-acces-aux-etudes-universitaires/fr
efrançais,1,institut-francais-luxembourg.lu,45,90,12,N,organic-position,https://institut-francais-luxembourg.lu/
english schools in luxembourg,1,educateme.lu,62,90,18,C,organic-position,https://educateme.lu/
formation educateur luxembourg,1,educateme.lu,59,90,12,C,organic-position,https://educateme.lu/fr
innl,1,inll.lu,1,90,22,"N,T",organic-position,https://www.inll.lu/de/
lifelong learning lu,1,lifelong-learning.lu,1,90,18,N,organic-position,https://www.lifelong-learning.lu/accueil/de
luxembourg crs,1,pwc.lu,3,90,11,I,organic-position,https://www.pwc.lu/en/newsletter/2025/updated-luxembourg-crs-faq.html
lycee francais,1,institut-francais-luxembourg.lu,95,90,17,C,organic-position,https://institut-francais-luxembourg.lu/
myinl luxembourg,1,inll.lu,1,90,18,N,organic-position,https://myinl.inll.lu/
myinll,1,inll.lu,1,90,16,N,organic-position,https://myinl.inll.lu/
optic 2000 luxembourg,1,sproochentest.etic.lu,14,90,21,N,organic-position,https://etic.lu/etic-academy-cours-particuliers/optic-2000/
precis interactive language learning sàrl,1,luxlessons.lu,25,90,9,"I,T",organic-position,https://www.luxlessons.lu/luxembourgish-course
pwc connect,1,pwc.lu,1,90,28,"N,T",organic-position,https://lux.connect.pwc.lu/auth/login
rtl jobdag 2020,1,infpc.lu,43,90,17,"N,T",organic-position,https://www.infpc.lu/evenement/rtl-jobdag-den-25-september/de | https://www.infpc.lu/evenement/rtl-jobdag-de-05-februar-20260112/de | https://www.infpc.lu/evenement/rtl-jobdag--de-25--september/lu | https://www.infpc.lu/evenement/rtl-jobdag--de-25--september/de | https://www.infpc.lu/actualite/rtl-jobdag-2/fr
service de la formation professionnelle,1,infpc.lu,7,90,15,C,organic-position,https://www.infpc.lu/
sprachschule inlingua luxemburg,1,inlingua.lu,1,90,27,N,organic-position,https://www.inlingua.lu/
2 rue gerhard mercator 2182 luxembourg,1,pwc.lu,1,70,9,I,organic-position,https://www.pwc.lu/en/location.html
blanchiment d argent,1,houseoftraining.lu,4,70,37,I,organic-position,https://www.houseoftraining.lu/training/lutte-contre-le-blanchiment-d-argent-aml-et-kyc-pour-banques-fondamentaux-21
consulat francais luxembourg,1,institut-francais-luxembourg.lu,15,70,26,N,organic-position,https://institut-francais-luxembourg.lu/
cours francais luxembourg,1,institut-francais-luxembourg.lu,7,70,17,C,organic-position,https://institut-francais-luxembourg.lu/ | https://institut-francais-luxembourg.lu/cours-collectifs-adultes-cours-du-soir-en-ligne/ | https://institut-francais-luxembourg.lu/cours-collectifs-adultes-ateliers-de-conversation/ | https://institut-francais-luxembourg.lu/certifications/
digital marketing luxembourg,1,houseoftraining.lu,2,70,16,C,organic-position,https://www.houseoftraining.lu/training/marketing-digital-au-luxembourg-marketing-digital-pour-marketeur-12267
examen b1,1,inlingua.lu,49,70,16,"I,T",organic-position,https://www.inlingua.lu/adultes/adultes-examens
formation compliance luxembourg,1,houseoftraining.lu,1,70,10,I,organic-position,https://www.houseoftraining.lu/training/compliance-fondamentaux-5859 | https://www.houseoftraining.lu/training/compliance-officer-opc-683
formation management luxembourg,1,houseoftraining.lu,1,70,12,C,organic-position,https://www.houseoftraining.lu/training/gestion-d-une-equipe-1645
ielts test luxembourg,1,inlingua.lu,29,70,13,I,organic-position,https://www.inlingua.lu/en/adultes/adultes-examens
institut de langues luxembourg,1,inlingua.lu,8,70,27,N,organic-position,https://www.inlingua.lu/
jobdag,1,infpc.lu,17,70,12,I,organic-position,https://www.infpc.lu/evenement/rtl-jobdag/lu
marketing digital luxembourg,1,houseoftraining.lu,1,70,15,C,organic-position,https://www.houseoftraining.lu/training/marketing-digital-au-luxembourg-marketing-digital-pour-marketeur-12267
moodle lu,1,sproochentest.etic.lu,6,70,8,I,organic-position,https://moodle.etic.lu/ | https://moodle.etic.lu/?lang=en
porte ouverte uni lu,1,unipop.lu,19,70,18,N,organic-position,https://www.unipop.lu/
service de la formation des adultes luxembourg,1,unipop.lu,10,70,12,I,organic-position,https://www.unipop.lu/enseignement-formel-pour-adultes/
stratégie d entreprise,1,houseoftraining.lu,2,70,17,I,organic-position,https://www.houseoftraining.lu/training/strategie-dentreprise-business-management-toolbox-6781
travailleur désigné luxembourg,1,houseoftraining.lu,2,70,11,I,organic-position,https://www.houseoftraining.lu/training/travailleur-designe-en-matiere-de-securite-et-de-sante-au-travail-groupe-c-1666
unicareers,1,infpc.lu,13,70,15,I,organic-position,https://www.infpc.lu/evenement/unicareers-luxembourg-6/de | https://www.infpc.lu/evenement/unicareers-luxembourg/de
ecole de la deuxieme chance luxembourg,1,infpc.lu,63,50,10,I,organic-position,https://www.infpc.lu/evenement/conference---rendre-la-validation-des-acquis-de-l-experience--vae--accessible-a-tout-un-chacun/en
educateur formation,1,infpc.lu,28,50,8,I,organic-position,https://www.infpc.lu/trouver-une-formation/fr
etic academy,1,sproochentest.etic.lu,1,50,32,N,organic-position,https://etic.lu/
europe day luxembourg,1,infpc.lu,36,50,14,I,organic-position,https://www.infpc.lu/evenement/festival---europe-day-2023/de
inl cours luxembourgeois,1,inlingua.lu,9,50,24,N,organic-position,https://www.inlingua.lu/
pwc legal luxembourg,1,pwc.lu,1,50,18,"I,T",organic-position,https://www.pwc.lu/
pwc lu,1,pwc.lu,1,50,38,N,organic-position,https://www.pwc.lu/
schwätzt dir lëtzebuergesch a1 pdf download,1,moienasbl.lu,5,50,14,"I,T",organic-position,https://moienasbl.lu/liens/
sst,1,houseoftraining.lu,2,50,15,"I,T",organic-position,https://www.houseoftraining.lu/training/skill/prevenir-les-risques-en-matiere-de-sante-et-de-securite-au-travail-sst-2834
bilan de compétences luxembourg,1,lifelong-learning.lu,1,40,8,I,organic-position,https://www.lifelong-learning.lu/orientation-et-reconversion/bilan-de-competences/fr
certification prince2 foundation,1,houseoftraining.lu,1,40,11,I,organic-position,https://www.houseoftraining.lu/en_GB/training/prince2-foundation-certification-2103
congé linguistique luxembourg,1,prolingua.lu,24,40,8,I,organic-position,https://prolingua.lu/fr/particuliers_14/
cours de maquillage luxembourg,1,lifelong-learning.lu,1,40,7,I,organic-position,https://www.lifelong-learning.lu/recherche/formations/services-divers/maquillage/fr
dap agent administratif et commercial,1,infpc.lu,13,40,3,I,organic-position,https://www.infpc.lu/actualite/apprenti-e--dap-agent-administratif-et-commercial--m-f--/fr
devenir agent immobilier au luxembourg,1,houseoftraining.lu,1,40,4,I,organic-position,https://www.houseoftraining.lu/training/acces-reglemente-aux-professions-de-l-immobilier-1737
eformation education lu,1,educateme.lu,53,40,25,"N,T",organic-position,https://educateme.lu/fr
financial holding company,1,pwc.lu,1,40,16,I,organic-position,https://www.pwc.lu/en/press/press-articles-2024/regime-financial-holding-companies.html
fond pour l emploi luxembourg,1,infpc.lu,37,40,14,I,organic-position,https://www.infpc.lu/
formation extincteur,1,houseoftraining.lu,1,40,6,C,organic-position,https://www.houseoftraining.lu/training/manipulation-d-extincteurs-equipier-de-premiere-intervention-2503
inl inscription,1,inlingua.lu,19,40,16,N,organic-position,https://www.inlingua.lu/
inscription ccdl,1,sproochentest.etic.lu,32,40,7,I,organic-position,https://ccdl.etic.lu/?lang=en
interior design course luxembourg,1,lifelong-learning.lu,1,40,11,I,organic-position,https://www.lifelong-learning.lu/recherche/formations/art/architecture-interieure/en
john parkhouse,1,pwc.lu,2,40,9,I,organic-position,https://www.pwc.lu/en/about-us/pwc-luxembourg-annual-review-2021/message-from-our-ceo.html
luxembourg language institute,1,institut-francais-luxembourg.lu,29,40,22,"I,N",organic-position,https://institut-francais-luxembourg.lu/
schwartz dir letzebuergesch a1,1,moienasbl.lu,13,40,15,N,organic-position,https://moienasbl.lu/liens/
yoga prenatal luxembourg,1,unipop.lu,6,40,9,C,organic-position,https://www.unipop.lu/cours-de-yoga-maternite/
yoga prénatal luxembourg,1,unipop.lu,7,40,8,C,organic-position,https://www.unipop.lu/cours-de-yoga-maternite/
2 rue gerhard mercator,1,pwc.lu,1,30,8,I,organic-position,https://www.pwc.lu/en/location.html
2 rue gerhard mercator l 2182 luxembourg,1,pwc.lu,1,30,8,I,organic-position,https://www.pwc.lu/en/location.html
23 avenue monterey l 2163 luxembourg,1,prolingua.lu,41,30,8,I,organic-position,https://prolingua.lu/ | https://prolingua.lu/de/
agent immobilier formation luxembourg,1,houseoftraining.lu,1,30,8,I,organic-position,https://www.houseoftraining.lu/training/acces-reglemente-aux-professions-de-l-immobilier-1737
aml training luxembourg,1,houseoftraining.lu,1,30,11,I,organic-position,https://www.houseoftraining.lu/training/aml-cft-luxembourg-3304
aprender luxemburgues,1,luxlessons.lu,5,30,7,I,organic-position,https://www.luxlessons.lu/
atad luxembourg,1,pwc.lu,1,30,10,I,organic-position,https://www.pwc.lu/en/tax/corporate-tax/atad-i.html
ausfuhrkennzeichen luxemburg,1,sproochentest.etic.lu,23,30,13,I,organic-position,https://etic.lu/en/lux_passeport-2/
coaching formation,1,houseoftraining.lu,1,30,19,C,organic-position,https://www.houseoftraining.lu/training/certification-en-coaching-professionnel-1750
cours de yoga luxembourg,1,unipop.lu,18,30,16,C,organic-position,https://www.unipop.lu/cours-de-yoga/
cours du soir anglais luxembourg,1,luxlanguages.lu,4,30,19,C,organic-position,https://www.luxlanguages.lu/
cours en ligne,1,institut-francais-luxembourg.lu,37,30,15,I,organic-position,https://institut-francais-luxembourg.lu/cours-collectifs-adultes-cours-du-soir-en-ligne/
cours intensif allemand luxembourg,1,prolingua.lu,7,30,9,I,organic-position,https://prolingua.lu/
dalf c1,1,institut-francais-luxembourg.lu,0,30,21,I,organic-position | top-organic-keyword,https://institut-francais-luxembourg.lu/certifications/
formation aml,1,houseoftraining.lu,1,30,9,I,organic-position,https://www.houseoftraining.lu/training/lutte-contre-le-blanchiment-d-argent-aml-et-kyc-pour-banques-fondamentaux-21
formation coaching,1,houseoftraining.lu,1,30,15,C,organic-position,https://www.houseoftraining.lu/training/certification-en-coaching-professionnel-1750
formation coaching luxembourg,1,houseoftraining.lu,1,30,10,C,organic-position,https://www.houseoftraining.lu/training/certification-en-coaching-professionnel-1750
formation coordinateur sécurité santé luxembourg,1,houseoftraining.lu,1,30,5,I,organic-position,https://www.houseoftraining.lu/training/coordinateur-de-securite-et-de-sante-sur-les-chantiers-temporaires-ou-mobiles-niveau-a-b-et-c-1673
formation gestion de projet luxembourg,1,houseoftraining.lu,1,30,4,I,organic-position,https://www.houseoftraining.lu/training/gestion-de-projet-fondamentaux-certification-1785
formation luxembourg chambre de commerce,1,infpc.lu,12,30,24,I,organic-position,https://www.infpc.lu/
formation payroll luxembourg,1,houseoftraining.lu,2,30,6,I,organic-position,https://www.houseoftraining.lu/training/gestion-et-calcul-des-remunerations-fondamentaux-1735
formation professionnelle au luxembourg,1,infpc.lu,2,30,35,C,organic-position,https://www.infpc.lu/trouver-une-formation/fr
formation revit,1,houseoftraining.lu,1,30,18,I,organic-position,https://www.houseoftraining.lu/training/outils-de-modelisation-revit-echanges-et-methodes-bim-10594
gestion de projet formation,1,houseoftraining.lu,1,30,5,C,organic-position,https://www.houseoftraining.lu/training/gestion-de-projet-fondamentaux-certification-1785
house of training formation,1,houseoftraining.lu,1,30,24,"I,N",organic-position,https://www.houseoftraining.lu/en_GB
house of training lu,1,houseoftraining.lu,1,30,38,"N,T",organic-position,https://www.houseoftraining.lu/
house of training luxembourg courses,1,houseoftraining.lu,1,30,15,"N,T",organic-position,https://www.houseoftraining.lu/en_GB
life long learning luxembourg,1,infpc.lu,6,30,19,C,organic-position,https://www.infpc.lu/trouver-une-formation/de | https://www.infpc.lu/presse/lifelong-learning-lu-nun-auch-auf-deutsch/lu
livre apprendre le luxembourgeois,1,sproochentest.etic.lu,89,30,9,I,organic-position,https://moodle.etic.lu/course/index.php?categoryid=1
luxembourg formation professionnelle,1,infpc.lu,3,30,36,C,organic-position,https://www.infpc.lu/trouver-une-formation/fr
management company luxembourg,1,pwc.lu,1,30,27,C,organic-position,https://www.pwc.lu/en/asset-management/management-company.html
parler luxembourgeois,1,inlingua.lu,34,30,21,I,organic-position,https://www.inlingua.lu/
se loger au luxembourg,1,institut-francais-luxembourg.lu,77,30,15,I,organic-position,https://www.institut-francais-luxembourg.lu/universite/etudier-en-france/se-loger-en-france/
sprachen lernen,1,luxlanguages.lu,60,30,38,"C,I",organic-position,https://www.luxlanguages.lu/
weiterbildung luxemburg,1,infpc.lu,1,30,7,I,organic-position,https://www.infpc.lu/trouver-une-formation/de | https://www.infpc.lu/accueil/de | https://www.infpc.lu/seances-d-information/de | https://www.infpc.lu/qui-sommes-nous/de | https://www.infpc.lu/actualite/lifelong-learning-lu-nun-auch-auf-deutsch/de
